Course,Mean,Std
Arithmancy,49634.57024265645,16679.806035559308
Astronomy,39.797130890164766,520.298267605171
Herbology,1.1410195296768058,5.219681993531829
Defense Against the Dark Arts,-0.38786349744178583,5.212793707585852
Divination,3.1539096732863516,4.155300897977581
Muggle Studies,-224.5899148634645,486.3448396520667
Ancient Runes,495.747970059158,106.28516457845276
History of Magic,2.9630946151165927,4.425774656123574
Transfiguration,1030.0969463871313,44.12511586678027
Potions,5.9503729927800775,3.14785425039337
Care of Magical Creatures,-0.0534271367004963,0.971456967725625
Charms,-243.3744090125,8.783639876017116
Flying,21.958012499999985,97.63160206806155
